hostID,posX,posY,timeEnterS,timeEnterC,timeEnterI,timeEnterR
0,0.417575780975,0.780615415953,-1.0,-1.0,0.0,3.0579461721
1,0.886552452894,0.00111219060957,0.0,1.79022578066,1.79029908655,25.0209479104
2,0.785306497007,0.0910638530227,0.0,1.89735843631,1.89740707244,5.29476334932
3,0.0593657700652,0.605835694782,0.0,2.02200118325,2.0220788521,3.26150564808
4,0.884310026785,0.790304941817,0.0,2.26056032097,2.26070406746,29.2596488287
5,0.456882430798,0.680577218177,0.0,1.64465551553,1.64467168279,7.09843818489
6,0.163189615241,0.78343846711,0.0,1.43918065368,1.43941619499,10.0733834449
7,0.615990177503,0.0639693467982,0.0,1.68046842755,1.68052176607,26.0176136297
8,0.728479950532,0.829203720775,0.0,1.82397248338,1.82406537631,7.15213661215
9,0.158210066497,0.474768881187,0.0,1.88294173082,1.88326975997,5.8012311409
10,0.142830973852,0.257432869021,0.0,1.19406229982,1.19418289262,20.7385191231
11,0.0325145156302,0.573975532802,0.0,1.4951173201,1.49531973607,6.71365600585
12,0.835125597658,0.122332735783,0.0,1.82417359488,1.824291615,5.01895838401
13,0.803438483277,0.148861351465,0.0,2.10065320011,2.10066422493,5.83130512115
14,0.561915877494,0.0133513838257,0.0,2.05001752835,2.05013909468,8.15423727348
15,0.107391552145,0.568443763578,0.0,1.4505690633,1.45061035112,9.16816726309
16,0.814810306639,0.0192615963884,0.0,1.84588189687,1.84597602088,3.12385376232
17,0.83714106653,0.765375447451,0.0,1.39383837775,1.393885657,5.62985956967
18,0.661861815343,0.993113848035,0.0,1.85136966859,1.85138304744,5.42166911269
19,0.986138751956,0.840552671429,0.0,1.92581163283,1.92591301754,11.3488757023
20,0.155248754534,0.776907099237,0.0,1.23586592289,1.23616647814,6.50929443819
21,0.649938853644,0.8652597093,0.0,1.73145135934,1.73158700561,11.0959238905
22,0.820760142079,0.619756991215,0.0,1.8083989319,1.8085706781,12.299082143
23,0.154782292233,0.0670799489072,0.0,1.87424468224,1.87424952013,4.56153984102
24,0.723858798122,0.244654162019,0.0,1.61950981149,1.61951871471,2.99307291546
25,0.511890941817,0.275206893534,0.0,1.50621581849,1.50642480874,15.1343607434
26,0.188011445133,0.540287138938,0.0,1.71559070954,1.71567831424,17.5043507854
27,0.393696655602,0.116981487214,0.0,1.66492629386,1.66498294189,16.2229252529
28,0.856774120653,0.0256562448134,0.0,1.43606304256,1.43633609933,9.73182895622
29,0.787046671419,0.712513433984,0.0,1.55616092659,1.55645744521,21.5008241334
30,0.881080415059,0.539904549372,0.0,1.25578038055,1.25593937641,3.41756997695
31,0.0123403121928,0.785432065861,0.0,1.25619404352,1.25619791203,18.2996535352
32,0.637332713282,0.287779587731,0.0,1.64448723008,1.64456137146,19.3979192362
33,0.15302867896,0.599207463332,0.0,1.46295901158,1.46303631923,4.79088145045
34,0.72409950248,0.414360320029,0.0,1.60904181842,1.6091458626,12.8371441999
35,0.894760695583,0.0903070586866,0.0,2.41248039264,2.41256089399,17.0616020034
36,0.825362952228,0.934223327258,0.0,1.95075859186,1.95083807013,18.2474527523
37,0.682734185137,0.972306530861,0.0,2.1471309443,2.14722113881,5.44041981557
38,0.316974579762,0.609723317639,0.0,1.71258078831,1.71273095769,5.72203628042
39,0.688573201842,0.178502082961,0.0,1.9649491844,1.96505873098,5.93901485672
40,0.420895896077,0.307379849087,0.0,1.77635634286,1.77640921611,6.31160097853
41,0.710060703962,0.719467307332,0.0,1.30571945092,1.30574206681,8.24737594944
42,0.507883726922,0.689564684621,0.0,2.04472635864,2.04474488677,5.98307148019
43,0.251212422071,0.600257855819,0.0,1.6424614565,1.64251579218,2.84852113942
44,0.4557501049,0.0430631250359,0.0,1.46680213399,1.46685155668,10.4373071176
45,0.320313092992,0.740186346952,0.0,1.6922018424,1.69221461447,9.99412142028
46,0.776032173362,0.901082061702,0.0,2.12110855121,2.12114736361,23.9533517886
47,0.841982958566,0.997471962357,0.0,1.77415658139,1.77420222587,3.34862101368
48,0.355814518407,0.890692896114,0.0,1.69490761388,1.69497226729,2.5538050601
49,0.112074202049,0.989010103331,0.0,1.3652268043,1.36523388294,3.78616863205
50,0.80201326969,0.884754058624,0.0,1.43725765197,1.43728717467,9.31725175383
51,0.486759260525,0.337385381369,0.0,1.95397422821,1.95402200771,3.18429137209
52,0.181714870022,0.00382971804742,0.0,1.56920722886,1.56953344123,11.6687854875
53,0.342985666023,0.600795930493,0.0,0.633053049756,0.633114764222,24.8995564657
54,0.515791673471,0.582611788789,0.0,1.63109574343,1.63109578286,4.09865987381
55,0.984444790021,0.822093142672,0.0,1.67828698005,1.67848176061,9.12626353909
56,0.579568209994,0.234328027123,0.0,2.06636944341,2.06649991986,5.59015540111
57,0.307031796333,0.0547723804935,0.0,1.51115479756,1.51116352656,4.18083388547
58,0.343716940923,0.792925242251,0.0,1.62885773508,1.62887128587,10.2831605654
59,0.877333444093,0.0815424330868,0.0,1.85804102932,1.85806542853,29.9060633436
60,0.00669365406892,0.530705462045,0.0,1.50555287498,1.50564507207,12.916705109
61,0.77328051275,0.0233567204033,0.0,1.74581284575,1.74622914146,16.5646144774
62,0.403297537573,0.118588666527,0.0,1.85222494435,1.85236868847,14.6747399328
63,0.0635071820143,0.544878291471,0.0,1.47868009683,1.478758884,7.20381815738
64,0.664333311945,0.946670688816,0.0,1.76524000371,1.76525791775,2.17341818243
65,0.606811009005,0.361710832757,0.0,0.839707718635,0.839729732284,15.2233573959
66,0.0236010387271,0.847933754512,0.0,1.5402231167,1.54041522053,3.72629096788
67,0.721925022128,0.662287423728,0.0,1.34628745933,1.34634862908,5.99610367687
68,0.201637234331,0.802421981781,0.0,1.81354841236,1.81392093682,21.9314030945
69,0.234556547227,0.788984615503,0.0,1.76570484471,1.76579303881,3.5544450524
70,0.278910499044,0.903008699468,0.0,1.56393863222,1.56414543057,5.97342439854
71,0.885279323599,0.928641726272,0.0,1.94328451246,1.94352318918,16.7113691664
72,0.0775042043331,0.186485250078,0.0,1.51906437215,1.51926858485,15.0382401422
73,0.0756426352047,0.0674205083254,0.0,1.77874142725,1.7788988888,12.3600568655
74,0.858533142949,0.459936706092,0.0,1.9184578257,1.91888770818,3.98264461152
75,0.652603259121,0.394073287905,0.0,1.70866441917,1.70867988001,16.0978667728
76,0.295272840738,0.277191476459,0.0,1.67588438907,1.67595402071,16.8644020573
77,0.458186408408,0.940541430597,0.0,1.97220569776,1.9722762101,15.9130120561
78,0.909401214312,0.426356523605,0.0,1.7770914579,1.7771541103,29.806358249
79,0.00203846404482,0.00543001391051,0.0,2.02070608289,2.02077567984,3.03747438565
80,0.758328421068,0.820478241651,0.0,1.68228238318,1.68231819383,5.94203533473
81,0.126660235005,0.608520153736,0.0,1.73536414331,1.73542780341,20.3738267658
82,0.957231028691,0.418067794799,0.0,1.596238528,1.59647473473,3.26664021406
83,0.226933187718,0.812719981754,0.0,1.54428027875,1.54444462309,12.2449893798
84,0.657563716336,0.71105218184,0.0,1.4588587263,1.45896430184,19.230464624
85,0.553652449699,0.489963409005,0.0,1.77274358624,1.77278740025,3.43477454203
86,0.735432156162,0.291258927037,0.0,1.79204897066,1.79214924669,3.88391819682
87,0.442095013119,0.675882087558,0.0,1.43465841888,1.43466525477,5.57820594477
88,0.0750522224659,0.880928066429,0.0,2.00575129099,2.00601737832,9.34306064466
89,0.697630307757,0.602225272421,0.0,1.43981428738,1.43984997475,15.4668570038
90,0.051440024658,0.265817758405,0.0,1.46585998693,1.46607073555,4.78617158418
91,0.901602685116,0.0832867922832,0.0,1.72140469673,1.7214132705,5.33015622866
92,0.801077190747,0.537772950295,0.0,1.5995795954,1.59976597586,18.1674826001
93,0.117909822084,0.233691519263,0.0,2.26765197935,2.26783272584,6.91820473958
94,0.891432835127,0.774324560953,0.0,1.76391045484,1.76401999463,6.51788005005
95,0.669932688913,0.529751288309,0.0,2.04515575723,2.04528516718,6.99569605923
96,0.0971400172088,0.915947067683,0.0,1.77219138392,1.77224673837,4.53327498818
97,0.513894126891,0.348374368136,0.0,2.0769452174,2.07695875515,13.0159067979
98,0.222838459072,0.826710212311,0.0,1.90275912921,1.90300379291,16.4718597724
99,0.678948035613,0.827002183608,0.0,1.72181707054,1.72194765532,7.09594887988
100,0.0476970770614,0.901570321065,0.0,2.04208970174,2.04219474263,2.47078572674
101,0.490941603228,0.200346323672,0.0,2.45894677903,2.45909846335,3.1910670918
102,0.391662194775,0.51826843739,0.0,1.61058541384,1.61059284822,7.48019246762
103,0.201850069739,0.0748909044895,0.0,1.4995522563,1.49956735339,14.7049992099
104,0.890721021615,0.607634466244,0.0,1.74954109549,1.74956342183,8.94446209775
105,0.126659393154,0.472343958959,0.0,1.76812326859,1.76814824706,11.9931933324
106,0.0311931687156,0.93708958005,0.0,1.85196598089,1.85197746569,11.4260427199
107,0.958110978058,0.175731438014,0.0,1.98170272179,1.98182604974,4.21878007824
108,0.35290139141,0.00220546569571,0.0,1.52374770991,1.52410798143,13.5020101137
109,0.222479402223,0.94338975281,0.0,1.93907255439,1.93907670248,21.1227964269
110,0.874241985433,0.468961636261,0.0,1.94454514084,1.94459836324,16.0132941912
111,0.819915676103,0.413314922874,0.0,1.73450605781,1.73467754298,19.4620872113
112,0.544231415198,0.695732079668,0.0,1.86844589682,1.86847490976,6.91774136939
113,0.373241826236,0.303154659611,0.0,1.31430526652,1.3144786243,48.6879933955
114,0.324260639671,0.865223832557,0.0,1.52517475359,1.52526766951,6.45307637255
115,0.73518143239,0.444832938184,0.0,1.62350580897,1.62355683512,24.0563035737
116,0.118833322023,0.967535754062,0.0,1.72857211573,1.7285991961,4.00776689255
117,0.974379639493,0.386633318166,0.0,1.63178905182,1.63180033892,5.46765897623
118,0.422024910393,0.145207802011,0.0,1.80329507787,1.80334159213,4.37289528201
119,0.541121867554,0.881080834817,0.0,1.52157894004,1.52186999755,12.1755231119
120,0.375559555181,0.871812019999,0.0,1.72557807325,1.72579829981,3.21808595058
121,0.00218433056442,0.0640630293453,0.0,1.67962311323,1.67966338142,21.6951608378
122,0.617039734387,0.248592253668,0.0,2.09302435433,2.09335319599,5.90548460565
123,0.3938282191,0.318485328536,0.0,1.73669673554,1.73671044421,9.03921187409
124,0.612840775778,0.906874425491,0.0,1.6317014855,1.6318018998,2.70388255706
125,0.0938441513448,0.000585221447572,0.0,1.66040789293,1.66044141385,4.43790939543
126,0.462087018042,0.160989767219,0.0,1.88968218478,1.88978215428,3.50734025072
127,0.181865765735,0.510851634681,0.0,1.3656718064,1.36590672233,18.8157712379
128,0.235046378066,0.320385202353,0.0,1.47323464797,1.47334574642,10.9475339781
129,0.671137518945,0.355446103515,0.0,1.57905848017,1.57920474865,7.08909061044
130,0.202678688524,0.243760733218,0.0,1.90774649152,1.90777790117,11.3881712659
131,0.874397407124,0.752194041929,0.0,1.40676259024,1.40681286665,59.0735662489
132,0.218534616598,0.430108277031,0.0,1.01175835679,1.01213236384,21.8043808498
133,0.462535023824,0.67198609166,0.0,1.55255349845,1.5527613108,7.6981362387
134,0.0917016861493,0.0650724600616,0.0,1.79764911554,1.79783349489,22.813062336
135,0.496672910008,0.345060934589,0.0,1.23518139097,1.23533990099,2.63255580016
136,0.840125687772,0.294984204497,0.0,2.060552602,2.06056684945,19.9283696591
137,0.695965734974,0.66970495938,0.0,1.62645690166,1.62664147804,2.50204209617
138,0.668070496041,0.505072812798,0.0,1.5940392276,1.59407700625,4.4797574118
139,0.756510433342,0.0680252823909,0.0,1.64714995635,1.64723177848,12.1217663902
140,0.658810737114,0.261486828362,0.0,1.96394840061,1.96395993321,20.1540375744
141,0.387699030616,0.011102380076,0.0,1.83880053804,1.83888191454,11.2593474391
142,0.753345182173,0.607298583623,0.0,1.73612733224,1.73619841407,9.65139353136
143,0.0459347590984,0.587856110833,0.0,1.91441118256,1.9144711642,23.0011505099
144,0.570036079309,0.644663793257,0.0,1.80987189509,1.8098768386,7.99577248965
145,0.649216806707,0.503531142051,0.0,1.54677799107,1.54719013178,26.9423235004
146,0.0968333019327,0.233887849145,0.0,1.78296592035,1.78314730903,4.7790818379
147,0.812420308587,0.974319624552,0.0,1.34874839393,1.34880660352,7.7218650258
148,0.271926258294,0.0689642201484,0.0,1.94233649007,1.94246338827,3.30396939942
149,0.825023663662,0.770031281162,0.0,1.81075476478,1.81077600125,3.89585287825
150,0.345609835707,0.609406730988,0.0,1.70043680191,1.7005576181,2.89009214238
151,0.546531051509,0.400934832724,0.0,2.22594219012,2.22599238468,13.2200833819
152,0.279548887677,0.821885144428,0.0,1.78519582705,1.78519698043,13.0402755039
153,0.614622338366,0.754465799844,0.0,1.64540403832,1.64546064363,12.0635943723
154,0.597566273254,0.936138638133,0.0,1.9278703746,1.92787553842,4.24682102471
155,0.15028416327,0.0883781738923,0.0,1.82323848717,1.82343620441,22.2007317962
156,0.398443851084,0.899397570579,0.0,1.86561694523,1.86579459765,6.48428217087
157,0.501742280508,0.75211933323,0.0,1.76939484564,1.7694507369,17.4125624672
158,0.93012804712,0.560424423697,0.0,1.94152042393,1.94165519203,9.74857039974
159,0.715623573751,0.354156498582,0.0,1.42053993366,1.42061942325,8.23768806033
160,0.39888425739,0.314302612027,0.0,1.69315308864,1.69325846221,10.3338541146
161,0.0448371193836,0.279777335823,0.0,1.84639552688,1.84642209343,9.36057583183
162,0.25088165126,0.566982940465,0.0,1.42793614055,1.42796503714,5.03897508918
163,0.426107304957,0.972408901278,0.0,1.57508497858,1.57523014526,18.7973183107
164,0.270158138125,0.0962681873812,0.0,1.68623340438,1.68628419476,11.241861667
165,0.0615495104592,0.37167049915,0.0,1.4448813344,1.44517874615,21.8004330648
166,0.842108000439,0.962834186643,0.0,1.51858132336,1.51869094122,3.99654627698
167,0.704287366187,0.435609891925,0.0,2.26807261775,2.26815004224,4.97695414829
168,0.84920775687,0.0840763927238,0.0,1.66758028317,1.66777301231,8.05280345784
169,0.474595783154,0.0934024908113,0.0,1.91080732908,1.91082861841,21.7062594851
170,0.677754633961,0.666995304557,0.0,1.61874620947,1.61902945505,26.0248822807
171,0.293540219461,0.360011083075,0.0,1.93632404972,1.93656041422,29.1998391013
172,0.7981494621,0.429314715692,0.0,1.89665498322,1.89668012987,6.36167536308
173,0.467450169924,0.0663767363036,0.0,1.89917409433,1.89918076484,15.3968686099
174,0.398795517589,0.944983993031,0.0,1.32491994623,1.32499768735,11.1029014689
175,0.424949883804,0.86875967587,0.0,1.90179847243,1.90246021372,10.7734482338
176,0.417251883535,0.553498862178,0.0,1.46505348227,1.46516304434,7.49808817274
177,0.944210545581,0.437913872423,0.0,2.09119717788,2.09130475678,3.02730173032
178,0.110296387549,0.50418135013,0.0,1.46250489447,1.46252583426,10.5385336929
179,0.122027520331,0.598408457757,0.0,1.42259476107,1.42286521976,12.3240523113
180,0.598491980429,0.626426801115,0.0,1.83865171139,1.83870047987,16.6196342165
181,0.892361528911,0.430751309632,0.0,1.91734104909,1.91734433335,17.4261420367
182,0.074081975973,0.154160233016,0.0,1.44159654436,1.44162791881,5.69394417993
183,0.241970739655,0.710502779545,0.0,1.3326933252,1.33274462013,29.7898319853
184,0.0854553464514,0.65069263127,0.0,1.22687577089,1.22713058951,4.59790209391
185,0.314368372656,0.514724534359,0.0,1.52352606932,1.52362510805,11.4586707193
186,0.0711345092518,0.585697736237,0.0,1.51593166802,1.51604832208,7.60684280667
187,0.807796170477,0.342494474729,0.0,1.69809379387,1.69813796401,8.80028501624
188,0.0180751071011,0.161599307461,0.0,1.92776581488,1.92808628128,9.39723618747
189,0.9417374869,0.323497997967,0.0,1.44818778931,1.44820493098,3.01446882131
190,0.0889829226738,0.499984700502,0.0,1.7643706318,1.76446341697,3.27078494745
191,0.844481628554,0.487762788985,0.0,2.00245178945,2.00261640025,3.61838891523
192,0.373384400546,0.648210097576,0.0,1.71094396246,1.71119595371,6.16779514149
193,0.239475106291,0.214622528292,0.0,1.75794085541,1.7580969128,20.9395042572
194,0.906447453975,0.972506892428,0.0,2.40679172488,2.4068287222,23.9827197574
195,0.759174012102,0.681782548816,0.0,1.5762149731,1.57625744383,21.8668328132
196,0.458927464599,0.527110068332,0.0,2.19430387186,2.19436033326,2.84204778348
197,0.631611663641,0.833546950535,0.0,1.37205325335,1.37217871513,19.5997867249
198,0.779847692075,0.449644828475,0.0,1.66860760608,1.66862253866,15.9185184904
199,0.0335200706264,0.631123115591,0.0,1.48588623267,1.48600860789,2.62675102585
200,0.55256087391,0.114480908762,0.0,1.33490040669,1.33490145615,12.998462715
201,0.783063555156,0.752933565192,0.0,1.82769422191,1.8280060109,14.3154091069
202,0.582675096097,0.0241168675758,0.0,1.96431632407,1.96439635952,4.43871551882
203,0.388138182381,0.476096739675,0.0,1.52016058075,1.52021531824,24.5441000325
204,0.515821437957,0.291776609999,0.0,1.54784494306,1.54825168463,47.0608934501
205,0.458459113281,0.571375940055,0.0,1.89269953315,1.89289423674,3.17544065163
206,0.150215625436,0.416377282495,0.0,1.90467894975,1.90474743499,9.65924472756
207,0.607778944747,0.394087235038,0.0,1.38951991655,1.38958044625,7.0569601405
208,0.888418418912,0.990500986644,0.0,1.75429334157,1.75447378641,8.5697359354
209,0.103199391956,0.697662692205,0.0,1.59875438939,1.59882230216,4.8482327498
210,0.27709507772,0.890338651486,0.0,1.75133831972,1.75135475568,3.2864171252
211,0.724640195611,0.8207484156,0.0,1.55613219644,1.55624885813,14.3110479314
212,0.587909780526,0.928076340654,0.0,2.14659396719,2.14682017305,3.39354022121
213,0.545409175529,0.330532447866,0.0,1.56462708924,1.56467148273,25.3050720741
214,0.80669607439,0.384095468676,0.0,1.73378435936,1.73415477841,5.20955395205
215,0.0959219591421,0.409869730452,0.0,1.257814933,1.25787454712,30.9658192645
216,0.0784266376503,0.664095528048,0.0,1.7860846704,1.7862100212,15.5596455098
217,0.811854161638,0.979446088192,0.0,1.79188168762,1.79192043884,5.93156731231
218,0.91259899991,0.97839878601,0.0,1.34400767961,1.34404671024,3.62791148281
219,0.510174904002,0.643292946074,0.0,1.12727293999,1.12729807222,3.89208997557
220,0.34436954995,0.38233474673,0.0,1.4759067052,1.47600368441,6.11344149291
221,0.519190697306,0.194561957671,0.0,1.84093094813,1.84105859393,2.54411845749
222,0.270035851846,0.564462145632,0.0,1.77559676389,1.77560622516,31.0022385467
223,0.967807591672,0.185817012822,0.0,2.0192729673,2.01929496937,2.83547082745
224,0.677939398601,0.647527441053,0.0,1.96989927444,1.96997932076,3.02298103091
225,0.160331457881,0.965908855197,0.0,1.85952153699,1.8596324148,11.2548700354
226,0.337680986525,0.708800181926,0.0,1.91216296735,1.9121743995,2.84792220232
227,0.816833310735,0.504105567361,0.0,1.6490949053,1.64942875653,2.94563905946
228,0.860601471359,0.337949386898,0.0,1.29578679205,1.29596611791,16.6702159509
229,0.731621999333,0.385806164394,0.0,2.29785289254,2.29791113329,4.92541980512
230,0.0641492192527,0.62098509298,0.0,1.61030277119,1.6104919397,22.6122815397
231,0.749036582636,0.0157038497334,0.0,1.73135452892,1.73146944835,21.7201010055
232,0.654991809738,0.332007633834,0.0,1.7005515196,1.70064763992,14.7691562344
233,0.205659188979,0.494247335564,0.0,1.89567274403,1.89592393807,5.29494346419
234,0.0762860050851,0.856879791114,0.0,1.60187540854,1.60212574279,16.9811648566
235,0.831970068484,0.543494799305,0.0,1.85737113427,1.85742214016,21.4822604142
236,0.154428105293,0.850237655925,0.0,1.9692859783,1.96932165453,20.2246920632
237,0.390080443917,0.581989744854,0.0,1.85533466972,1.85544446135,6.5243171123
238,0.267396163988,0.618940094584,0.0,1.78779123628,1.7878098266,32.9734016956
239,0.24444878283,0.781568174479,0.0,1.86905112705,1.86906328619,4.43098009813
240,0.998784914973,0.156119814802,0.0,1.63841781149,1.63847373446,8.9572196753
241,0.0483854799601,0.00897414652205,0.0,1.89536992589,1.8954359043,20.1269035051
242,0.0929237438195,0.600488610118,0.0,1.54789235912,1.5480281051,6.03531234216
243,0.148490312556,0.48318687506,0.0,1.65350460242,1.65355788532,6.77323537351
244,0.912680431209,0.335182672738,0.0,2.13701192479,2.13725249499,7.87799411459
245,0.443172150367,0.232248983989,0.0,1.48580588239,1.48590105474,5.99779610751
246,0.892657743401,0.714910679753,0.0,1.66765731306,1.66784086192,9.34957722419
247,0.578856696506,0.948585061645,0.0,2.22312697441,2.22340349633,3.20704433371
248,0.723198751971,0.612928779281,0.0,1.64378887881,1.6439348335,12.9998306554
249,0.455468975972,0.930733412752,0.0,1.77582978231,1.77590176317,10.9039612473
250,0.982500093397,0.0914117684335,0.0,1.8320900618,1.83212890104,5.37851649742
251,0.0459338373073,0.99856266121,0.0,1.7220323585,1.72208409993,19.5356384776
252,0.455739102666,0.0412923836896,0.0,2.26101931224,2.26109481754,5.66412278462
253,0.596795972053,0.0370889837228,0.0,2.0087928976,2.00929708785,2.59251279574
254,0.23395450585,0.772820366013,0.0,1.26907413419,1.26919762414,5.90503478686
255,0.846142527204,0.763360230803,0.0,2.07997934593,2.07998396438,26.0542764681
256,0.493911017264,0.837884024149,0.0,2.07569421992,2.07576720541,8.16666959399
257,0.0536532563891,0.534474057355,0.0,1.4256508978,1.42574694259,11.4675379722
258,0.615757243889,0.236051290665,0.0,1.37285891663,1.3729040524,7.16360468427
259,0.93741019972,0.0397817916682,0.0,1.55631494032,1.55632425417,7.39549226925
260,0.148530422137,0.664816180669,0.0,1.44563181417,1.44570189536,3.49387028599
261,0.150256654175,0.664722884946,0.0,1.63799200885,1.63808078734,8.25422889089
262,0.364337084169,0.0420896599826,0.0,1.43353625923,1.43368453676,14.7672182519
263,0.528701313363,0.778578141615,0.0,1.20167673925,1.20188298177,8.68349371912
264,0.500184681585,0.86865599292,0.0,1.56906276584,1.56906984184,9.07238839873
265,0.623365900191,0.786840169276,0.0,1.64342072459,1.64347213535,22.5712531527
266,0.210304035493,0.361508632613,0.0,1.30660694581,1.30661906153,9.40560292214
267,0.975658710586,0.341666347823,0.0,1.46338832304,1.46346566558,13.3208995893
268,0.755437880617,0.0249153041442,0.0,1.65529469406,1.65531416427,3.63181292963
269,0.435369052664,0.34357201956,0.0,1.43304588198,1.43318703687,15.3304952662
270,0.263990073124,0.521612346234,0.0,1.92020727645,1.92045358469,4.24718270861
271,0.254291497513,0.821705876472,0.0,1.46526923124,1.46538340319,6.62826847392
272,0.334483184978,0.315903532453,0.0,1.52916556381,1.52918857546,9.07791779569
273,0.34897000093,0.626424766477,0.0,0.940218373834,0.940395057595,12.2460073548
274,0.0386288161477,0.923096028611,0.0,1.62892797601,1.62903719121,32.0326413783
275,0.793210213359,0.304765071359,0.0,1.89572297292,1.89575639721,10.0271625592
276,0.0692411920388,0.136932361882,0.0,1.50500377116,1.50508912536,8.2074058443
277,0.80051133133,0.183154457545,0.0,1.52598651128,1.52598780452,5.66190867694
278,0.493763202195,0.582484551068,0.0,1.82709053551,1.827308564,51.8865748488
279,0.493412971317,0.402785135012,0.0,2.08322741192,2.08327704777,4.18872014958
280,0.252511262665,0.500039151029,0.0,1.4548565324,1.45488809956,3.16191302941
281,0.253465515501,0.725220396137,0.0,1.56522280379,1.56536264015,13.1830109018
282,0.478318629528,0.632249980605,0.0,1.31193033854,1.3121014337,29.1187169097
283,0.66219314068,0.888036439538,0.0,1.93892404738,1.93909462546,14.0981957786
284,0.514541535089,0.672380659618,0.0,1.288380681,1.28864068427,3.14370386844
285,0.117189239295,0.358281471279,0.0,1.57954911374,1.57955480556,17.7815536152
286,0.803445114234,0.907239824508,0.0,1.58371258525,1.58377048344,6.29960425226
287,0.907316187638,0.697356556672,0.0,1.95248972139,1.9526571284,12.5596547512
288,0.488390940008,0.88851225872,0.0,2.30195890603,2.30196962461,2.9480219539
289,0.242155461066,0.577938043673,0.0,1.52418589366,1.52430665918,10.0982521541
290,0.739775374564,0.0720765817844,0.0,1.91042906995,1.91065495881,8.19204288892
291,0.534613742486,0.33306799771,0.0,1.626031207,1.62606878893,2.84520110449
292,0.657398495903,0.999429816245,0.0,1.69849980472,1.69850540637,15.6711302286
293,0.1301122202,0.679480503833,0.0,1.4535753018,1.45367069965,14.2037719345
294,0.842571563583,0.663279982481,0.0,1.04484560048,1.0451905224,9.15387631715
295,0.946003279554,0.824669304992,0.0,1.37630926338,1.37653957319,4.84047044511
296,0.256878630924,0.530968799133,0.0,1.48529536456,1.48549235007,9.38386438179
297,0.299718385274,0.783050521751,0.0,1.89509515193,1.89526399398,19.9257595312
298,0.356994968249,0.563128680272,0.0,1.07736007719,1.07736095611,13.7102144388
299,0.969350728698,0.956986684885,0.0,1.41695088773,1.4169983795,2.79930624393
300,0.773189217077,0.713437908337,0.0,2.09918712281,2.09922894189,2.49237707527
301,0.936441212767,0.675275221216,0.0,1.33231452545,1.33237214526,14.1577757214
302,0.932758027231,0.922393384174,0.0,1.98464035706,1.98469524051,2.49534176057
303,0.986809296908,0.698185165834,0.0,1.73837795103,1.7385356483,8.17480570834
304,0.861085192662,0.111906439838,0.0,1.66864767911,1.66872835912,2.72120079877
305,0.383846810813,0.793762349367,0.0,2.25834482494,2.25844612503,4.19824515558
306,0.941596644981,0.593055318014,0.0,1.59509214134,1.59526919513,32.6494943515
307,0.934902159294,0.299564689955,0.0,1.46859430405,1.46860948043,5.7719247181
308,0.893087055809,0.574177943646,0.0,2.18204853753,2.1823890713,14.517305262
309,0.0844232813539,0.343607594232,0.0,1.79215690349,1.79227316903,17.8414171904
310,0.508833226671,0.909771188339,0.0,1.55326331172,1.5532892385,17.4174162581
311,0.0276500385411,0.340045852682,0.0,1.27639286247,1.27640524723,33.5389524564
312,0.245361592256,0.289240002803,0.0,1.43912545181,1.4391459221,13.3694523746
313,0.211923666837,0.732933790256,0.0,1.52006617628,1.52015694626,8.03611264487
314,0.516436241791,0.827294749637,0.0,2.05575883326,2.05591620142,4.24190618805
315,0.568070735199,0.527860549369,0.0,1.69640312129,1.69687863038,5.49541038999
316,0.119818784405,0.69502575063,0.0,1.78776317163,1.78810220138,4.81110480544
317,0.460846348165,0.782041009115,0.0,2.5975952236,2.59803740056,6.98610039088
318,0.048622562192,0.110586944277,0.0,1.80821195782,1.80826015594,15.0282561185
319,0.125289284307,0.293364379144,0.0,1.59236645251,1.59239197861,7.86299223304
320,0.0228147793264,0.5125907171,0.0,1.96540298718,1.96559030009,7.99129984425
321,0.139082563396,0.929038180934,0.0,2.35828309551,2.35839164444,9.82321787695
322,0.920017248201,0.417289913815,0.0,2.07748207912,2.0774855482,15.5443229689
323,0.479071934492,0.907311933882,0.0,1.93624238493,1.93626065965,8.32656429551
324,0.440236291535,0.141179321249,0.0,1.60356827001,1.60380576207,10.0466742951
325,0.21826843904,0.838088738614,0.0,1.65476797479,1.65484009015,7.57308786401
326,0.0220273704944,0.994222548976,0.0,1.88808008599,1.88813338256,16.5156025599
327,0.204853434891,0.899434847933,0.0,1.09026821688,1.09028949295,22.9240326018
328,0.14787003557,0.603551705281,0.0,1.4555812657,1.45582316569,4.96746517312
329,0.859394879515,0.587983564726,0.0,1.36497703673,1.36505165386,9.0022721642
330,0.452742068742,0.501763353524,0.0,1.86307381134,1.86311268278,4.6577669485
331,0.911318206125,0.0405901322427,0.0,2.21464731557,2.21466944591,4.67186192729
332,0.152973076765,0.307206375534,0.0,1.60218423409,1.60219323125,16.7496101428
333,0.404060879863,0.337920454685,0.0,1.6623604337,1.66246353731,21.6467288493
334,0.0936743428852,0.530952206877,0.0,1.83135356916,1.83161913048,22.1063394948
335,0.871252276401,0.678219095066,0.0,1.86696246501,1.86696706111,16.2864313757
336,0.61545838551,0.167250794247,0.0,1.99951849646,1.9995525803,6.47618420997
337,0.207637951564,0.980416700238,0.0,1.28682346117,1.2868270386,5.1910932292
338,0.385253617658,0.192909746869,0.0,1.32534708628,1.32534838438,22.0091323691
339,0.482783799753,0.138879664776,0.0,1.86677249649,1.86695241186,45.2506780616
340,0.230384411182,0.0642118872689,0.0,2.06696248765,2.06707338343,3.56737513639
341,0.967749575204,0.552553173995,0.0,1.76985200855,1.77018272412,13.5372526282
342,0.778040137697,0.125347136972,0.0,2.10412622692,2.10413147574,34.1897055749
343,0.367494322076,0.362605185416,0.0,1.8193050968,1.81939911056,18.3694587921
344,0.245874460272,0.546957084468,0.0,1.84831901751,1.84848614405,12.5898258828
345,0.623033710342,0.548763464388,0.0,1.56668628819,1.56680224847,3.31569961568
346,0.256666593535,0.309830469914,0.0,1.49784571219,1.49787634034,2.54319826103
347,0.0742504375625,0.0866582851459,0.0,1.84898053423,1.84916160892,34.5939081156
348,0.712126033218,0.060436704937,0.0,1.41224329752,1.41235214556,7.59767036943
349,0.313309365408,0.295231682684,0.0,1.69425062506,1.69443973752,2.64829487787
350,0.743076399679,0.0711974761473,0.0,1.78579627532,1.78595440931,5.5880494555
351,0.348268546728,0.612907284226,0.0,1.36415606661,1.36415796617,9.99561286143
352,0.459193296255,0.707277643169,0.0,2.02157663253,2.0215894042,5.77475671312
353,0.720559026683,0.899088570173,0.0,2.0809110117,2.08108476141,14.3045952122
354,0.27244946897,0.0677016870961,0.0,1.32708733863,1.32717788575,25.3700548046
355,0.270170381052,0.667489505541,0.0,2.16755024483,2.16765178842,17.6333134689
356,0.330558488891,0.375548291767,0.0,1.08326395924,1.0833382036,28.7164228009
357,0.337796158267,0.610120490178,0.0,1.52451404969,1.52472908795,5.84448970705
358,0.929897452921,0.527796554468,0.0,2.41604882611,2.41619620683,17.9937191453
359,0.99492194335,0.599436221055,0.0,1.93695591122,1.93703191698,16.2145945141
360,0.349778328084,0.391271416306,0.0,1.53593077372,1.53594627597,5.61619031321
361,0.929117982175,0.504527945692,0.0,2.20855842458,2.20907056624,5.66894451552
362,0.661322185191,0.946684431863,0.0,1.78330063347,1.78358467107,5.18467649384
363,0.748730112047,0.233413106665,0.0,0.551179483786,0.551302759314,13.3686179385
364,0.718864813486,0.256731380364,0.0,1.65047317604,1.65057985078,3.17810209889
365,0.714201075601,0.289949199934,0.0,1.69899558864,1.69903262814,8.25458677461
366,0.505304203131,0.62318367397,0.0,1.73398630457,1.73404580964,57.6250186964
367,0.73919989779,0.393280780257,0.0,1.7094960344,1.70957313419,8.23601222312
368,0.209312698737,0.898711867286,0.0,1.451742708,1.45186569736,6.08511384687
369,0.745853906419,0.275077923768,0.0,1.87000354815,1.87011040039,3.58481929004
370,0.730146173262,0.672816723137,0.0,1.90662249453,1.90673497733,4.04932781417
371,0.194217656009,0.80578354721,0.0,1.82654765217,1.82660650641,19.9033335699
372,0.478234618617,0.0615446356258,0.0,1.56176881001,1.56177194735,6.67939030583
373,0.421517783243,0.0421630207333,0.0,1.74405602181,1.74418177071,20.887608092
374,0.325891569633,0.838488183851,0.0,2.15578556501,2.15583391808,5.81961798972
375,0.443018693012,0.435283136901,0.0,0.990797654052,0.990810150854,27.9464692081
376,0.0935131422077,0.66571168549,0.0,1.48372817091,1.48380836156,9.17025863281
377,0.293201208482,0.583032466562,0.0,1.4420150984,1.44202050091,13.7747033768
378,0.640834580146,0.943903537861,0.0,2.14023783964,2.14045872378,10.3669583434
379,0.553187174501,0.647114713238,0.0,1.91551573419,1.91571025766,6.738430193
380,0.741252104571,0.104618671697,0.0,1.54393241221,1.54398270254,13.8774496387
381,0.320968725252,0.960013339111,0.0,1.62620047411,1.62631031938,8.98610122626
382,0.999582637034,0.915522759723,0.0,2.0468435197,2.04703406281,18.539512123
383,0.151299097102,0.724922879575,0.0,1.69951793315,1.69965385117,24.2177204685
384,0.131969845176,0.873246141969,0.0,1.58250210911,1.58254137659,10.3895185632
385,0.133738651221,0.375704321649,0.0,0.999674138837,0.999692521621,3.53612004742
386,0.821187715782,0.872902560409,0.0,2.59513951578,2.59526437293,3.63039453148
387,0.375443736362,0.611351447154,0.0,1.35007136254,1.35032474938,3.54595126228
388,0.156693566824,0.454685202396,0.0,1.29466757205,1.29474027152,8.02732229706
389,0.22191003655,0.492703295376,0.0,1.46955972599,1.46956845116,24.6668099964
390,0.784911504399,0.589350213873,0.0,1.62963187649,1.62963219599,8.04092670268
391,0.0372880037782,0.0645715456262,0.0,1.56714959135,1.56717966114,7.74001752089
392,0.631697093487,0.659693412116,0.0,1.56987378797,1.56994017448,17.9681122266
393,0.893036686462,0.163771893789,0.0,1.74152461853,1.74156791699,8.21621729318
394,0.980137165544,0.962615882469,0.0,1.7793691745,1.77989496109,20.5689002768
395,0.904286540038,0.0324899760324,0.0,1.78706404068,1.78717193696,6.47355763433
396,0.144319717435,0.87070913178,0.0,2.01191969009,2.01274931663,6.1973165287
397,0.835620571258,0.152646059159,0.0,1.91162087799,1.91162881606,3.84203506627
398,0.501748209213,0.0812208210334,0.0,1.47259079959,1.47274978218,12.5898489912
399,0.348786202955,0.710935728079,0.0,1.38113924396,1.38114563018,3.35763092187
400,0.284399058569,0.25898102248,0.0,1.53777930218,1.53782380574,19.2582407718
401,0.386401166638,0.619848496033,0.0,1.40211763324,1.40240393586,8.88458174279
402,0.253126402351,0.694194466942,0.0,1.52370869981,1.52370958771,13.3634226839
403,0.0731160136265,0.622785018132,0.0,1.5728365265,1.57326974517,5.0035393652
404,0.283243464672,0.860709362271,0.0,2.64894615657,2.64910916915,29.4500224116
405,0.213339405381,0.521972728061,0.0,2.18148246487,2.18162671865,13.7855773542
406,0.346222812451,0.0973310708143,0.0,1.46123904303,1.46124720429,5.29802377926
407,0.699211345123,0.865301060158,0.0,1.90567570723,1.90567672929,10.1244434714
408,0.0305251683756,0.0105690207354,0.0,2.24891649536,2.24936637624,19.9534382531
409,0.80692015453,0.0791391122307,0.0,1.50592107189,1.5059276137,20.4325384551
410,0.285176642894,0.767264814203,0.0,1.80740331215,1.80752559134,13.8569527832
411,0.721139519505,0.702455799145,0.0,2.14417465001,2.14431841965,8.98873764839
412,0.000488003181838,0.507794764225,0.0,1.44255794229,1.44277761331,3.00712043563
413,0.498802309839,0.050294139562,0.0,1.43911963416,1.43927610088,3.07697756289
414,0.0162033529277,0.112971293736,0.0,1.67850639817,1.67854110228,2.72803810976
415,0.18219353981,0.344700990114,0.0,2.00484065928,2.00486247381,16.5592046691
416,0.513523581947,0.725271690989,0.0,1.61703737245,1.61705819675,4.75839810197
417,0.752413054652,0.465983493345,0.0,1.84355104445,1.84380025649,18.3898612813
418,0.199095289266,0.493152640097,0.0,1.8269896843,1.82701830032,16.6674271146
419,0.653531918011,0.392785391626,0.0,1.47787181205,1.47804216716,6.29167647271
420,0.426669866844,0.806204206541,0.0,1.35549134172,1.3555585832,9.44289869263
421,0.294063984156,0.665042050689,0.0,1.48580340101,1.48584805667,13.4203797832
422,0.731761941733,0.153570923705,0.0,1.50021969568,1.50033706218,63.1762768014
423,0.354583854449,0.356022776325,0.0,1.96316618484,1.96335580574,22.9462433667
424,0.00230144217303,0.858237784443,0.0,2.23643321403,2.23668349882,8.68199732857
425,7.08837435792e-05,0.918590335892,0.0,1.9587421181,1.95878786955,17.7829078197
426,0.686177584489,0.384162499226,0.0,1.82510209508,1.8252020208,26.6425922171
427,0.862959931054,0.136697661521,0.0,2.06766681299,2.06786917122,44.8134807048
428,0.0764106387441,0.812266010967,0.0,2.04368819069,2.04393608406,12.2205167408
429,0.0847809929769,0.107897973076,0.0,1.77641498678,1.7764596715,2.65407669537
430,0.374693695401,0.3713928046,0.0,1.16580416845,1.16580436463,4.39963996046
431,0.259651869292,0.756543229046,0.0,1.61229970529,1.61237587316,24.1408594618
432,0.860257124228,0.450030241904,0.0,1.82549103851,1.82564592197,9.95494561433
433,0.567628467034,0.568793464919,0.0,1.84247140979,1.84276732862,9.49215521425
434,0.917729224118,0.888309530805,0.0,2.16440426741,2.16441927777,7.39157647949
435,0.185199982883,0.319928982773,0.0,1.45506681655,1.45540405101,36.0654420352
436,0.219196455883,0.0634753643713,0.0,1.91745918259,1.91766995435,22.7285239158
437,0.363167788529,0.55478616761,0.0,1.3068625247,1.306872528,27.031763579
438,0.816426738104,0.865108623599,0.0,1.14181750889,1.14183450521,6.09554959361
439,0.0930201886048,0.524983136717,0.0,1.90478504824,1.90488645148,7.5457796211
440,0.672530001322,0.83943069512,0.0,1.44404830029,1.44415307947,17.9285082372
441,0.776456096194,0.649623735358,0.0,1.98258922457,1.98263613551,19.2083863483
442,0.394229707068,0.988508153176,0.0,2.14423526574,2.14431881542,15.8762114716
443,0.836395690771,0.0927422320492,0.0,1.54138634465,1.54151681353,5.90985078481
444,0.904475452298,0.620775883232,0.0,1.91835942913,1.91840015029,20.081439468
445,0.331482000364,0.952010616004,0.0,1.50867763787,1.50873858859,23.7107997225
446,0.926262779629,0.523255789905,0.0,1.77952451415,1.77953860185,9.92260029573
447,0.866465421963,0.202712770877,0.0,2.2226287529,2.22294594149,11.0686896987
448,0.959413216254,0.842709986029,0.0,2.33175459729,2.33177647896,3.61399533015
449,0.680576203742,0.866674368527,0.0,1.48025585169,1.48031110882,14.3642269222
450,0.0995144116727,0.387152795168,0.0,1.75443692826,1.75473923271,7.52349613631
451,0.640124771226,0.59239085133,0.0,1.83860384709,1.83879030466,15.0524212393
452,0.988812880547,0.977471329487,0.0,1.71013478384,1.71013558893,7.40931202735
453,0.670564460138,0.926810426214,0.0,1.4505097588,1.45067508527,9.22398164285
454,0.639610623597,0.218683647223,0.0,1.83288340818,1.83304453275,8.35493464478
455,0.124929308491,0.82836572389,0.0,1.60887242831,1.60893357567,11.7594908447
456,0.209706677824,0.236201751587,0.0,1.25594662147,1.2560702471,35.562460356
457,0.0194618533077,0.708149433156,0.0,1.19107457158,1.19128678578,15.6893010673
458,0.540778424116,0.942492518514,0.0,1.63549362305,1.6355606422,22.0357825055
459,0.477177580095,0.550701763728,0.0,1.49152707187,1.4920665465,7.23627939583
460,0.451274389556,0.410709223536,0.0,1.35645528186,1.35654952182,20.9248997052
461,0.515520835708,0.926076537913,0.0,1.30255497514,1.30258345792,7.18371237664
462,0.866917060726,0.291540618537,0.0,1.91557754041,1.9157495622,11.4551134458
463,0.960583978229,0.980364275138,0.0,2.45829527216,2.45830178826,28.447842881
464,0.275131328323,0.820391980805,0.0,2.36580246489,2.36584967097,5.70677978997
465,0.0730944728112,0.833797135516,0.0,1.78293408268,1.78298919517,6.902076477
466,0.362213078458,0.157597532259,0.0,1.85580868393,1.85580972694,15.0555039894
467,0.612926181031,0.196845549475,0.0,1.42591927696,1.4262342699,21.5148658483
468,0.163732355597,0.151661537914,0.0,1.88437162449,1.88438220159,11.0799119694
469,0.0336891202256,0.785268538963,0.0,1.55690096474,1.55696772101,9.67584914047
470,0.09119945892,0.230633872505,0.0,1.57562931572,1.57583496578,14.2693420473
471,0.970888684158,0.645656717384,0.0,2.0779504177,2.07815229569,9.5723646185
472,0.575856321234,0.580100178935,0.0,2.07418462466,2.07429607018,6.80696693694
473,0.514636493442,0.683230257152,0.0,1.15506340566,1.15509515938,9.4781042276
474,0.889093507571,0.574329828609,0.0,1.77260710265,1.77271268131,16.4545557709
475,0.27144570806,0.966186581284,0.0,1.892476348,1.89252255034,3.81740110023
476,0.441775826361,0.644866828008,0.0,0.255669385711,0.255672977841,8.60868610253
477,0.715060414799,0.60622223574,0.0,2.53887747086,2.53936594043,15.7116761041
478,0.307132155005,0.644333007492,0.0,1.11871173669,1.11893792917,13.2885386001
479,0.0864299147996,0.640313914217,0.0,1.15034831249,1.15052449673,3.77041610389
480,0.592695540748,0.371568927887,0.0,1.28536350444,1.28546547175,5.54925078009
481,0.29648626095,0.589723119456,0.0,1.52024641191,1.52033322333,3.93695366019
482,0.608456551336,0.149417421313,0.0,2.40330441143,2.40335348793,9.43886047104
483,0.453285816077,0.856627273797,0.0,1.69559592321,1.6956572411,22.12500985
484,0.30447047899,0.630542137122,0.0,1.27821747907,1.27827049634,7.79731708899
485,0.870341665684,0.390750892965,0.0,1.73022186572,1.73025016997,3.17472259203
486,0.940909272635,0.356582135703,0.0,1.49590466092,1.49592990192,3.30167952912
487,0.818928469163,0.866540718541,0.0,1.86820868515,1.86846130467,14.1397927442
488,0.948785361435,0.0125658354886,0.0,1.59722881265,1.59734615912,11.3858615443
489,0.881305798335,0.732320387103,0.0,1.4543834121,1.45456822,2.78427589986
490,0.201384186416,0.922936529254,0.0,1.70562560302,1.70571376597,8.43234980353
491,0.675623717584,0.721481463073,0.0,1.18129063362,1.18132981989,5.83738985039
492,0.623846423448,0.135465203076,0.0,1.6950415709,1.69507628323,22.9725664099
493,0.218960165026,0.0573724197651,0.0,1.74574336112,1.74593834422,5.7030504924
494,0.0383859459603,0.6469222472,0.0,1.19984555989,1.19984619314,1.21461387334
495,0.878036974274,0.306847633514,0.0,2.05393021996,2.05396479749,31.6481197332
496,0.366324376323,0.0589771864266,0.0,1.50126562183,1.50144943921,10.0638169493
497,0.300115835354,0.00906655473749,0.0,1.61237763026,1.61264424022,15.6570799811
498,0.460417974739,0.499597778735,0.0,1.60633097545,1.60634342407,4.17152966026
499,0.255443232487,0.500492665036,0.0,1.51562180861,1.51566795246,30.5266555569
500,0.905226298031,0.814777738205,0.0,2.07776558616,2.07779957214,6.77881668971
501,0.626786958064,0.945656783322,0.0,1.6090499674,1.60909197778,64.2624386821
502,0.668442546013,0.909334903697,0.0,1.99201158814,1.99202767983,30.6436340537
503,0.0610057528241,0.975294589446,0.0,1.51731759818,1.51748806093,11.4219579416
504,0.950426006001,0.0204789767613,0.0,1.90331981206,1.90333430659,3.01120986055
505,0.253718514547,0.620813518555,0.0,1.50627450337,1.50668206391,5.92280955297
506,0.569199725589,0.253972036462,0.0,1.85264595957,1.85268920552,3.64261999377
507,0.286202870551,0.724634075737,0.0,1.83052636051,1.83062675397,3.6836881124
508,0.428009900854,0.0229881285456,0.0,1.67589495398,1.67603046687,5.76992524828
509,0.406552305913,0.84748041127,0.0,1.95739542945,1.95760493008,7.7505017622
510,0.689651779207,0.495410719898,0.0,2.09972463999,2.09977235381,22.3612420044
511,0.204175765632,0.662792882158,0.0,1.79497207227,1.79511953889,6.9034661425
512,0.785678891612,0.358509283545,0.0,1.41951254518,1.41958243891,4.96458006399
513,0.277154233822,0.669407966008,0.0,1.53421748064,1.53422861638,17.9299757796
514,0.947007958941,0.961455560187,0.0,2.00377412231,2.00387628488,3.12004566172
515,0.0168746937272,0.190170634237,0.0,1.93912619679,1.93923027964,10.7288859362
516,0.0608550820495,0.115777208346,0.0,1.87835260824,1.87838889109,6.21302136073
517,0.465963268698,0.775311451183,0.0,1.54692680006,1.54712653242,5.03028234424
518,0.554719246125,0.759860404164,0.0,1.6525223552,1.6527500206,13.039904848
519,0.0468035713584,0.754770966027,0.0,1.84482568516,1.84501164428,13.4725996933
520,0.88086731087,0.131793768562,0.0,1.83735580031,1.8374875293,12.1601326409
521,0.524219755456,0.572871722072,0.0,1.40512275022,1.40529889268,8.14463749114
522,0.439837023165,0.434582880183,0.0,1.26877805584,1.26881366664,3.96786290424
523,0.806410595782,0.757477185311,0.0,1.83052570356,1.83055749179,2.85566262579
524,0.726835671731,0.701383161378,0.0,1.67646210249,1.6764705335,10.6525841604
525,0.382952163893,0.452828393401,0.0,2.04687654725,2.04690229128,7.32787851406
526,0.0491210459924,0.218538003163,0.0,1.53055828205,1.53065529262,24.4199639
527,0.737481497882,0.168404585814,0.0,1.50527637876,1.50530203105,44.8017027238
528,0.282855284937,0.485493302799,0.0,1.47122898834,1.47125826971,26.4221443039
529,0.625199510792,0.778838631858,0.0,1.8836670448,1.88377283492,5.48632657177
530,0.241596966215,0.0849294702509,0.0,1.8507512152,1.8507983009,8.57362556658
531,0.0615404235102,0.314549083234,0.0,2.0452434452,2.04537393788,13.0850830186
532,0.411830768865,0.295313147425,0.0,1.76985569931,1.77018285231,2.86058711654
533,0.565776052725,0.144781028132,0.0,1.70363119088,1.70372037346,7.03448990476
534,0.0628479754481,0.404285093393,0.0,1.99466890618,1.9947422714,35.3383450533
535,0.0332618814394,0.33991732533,0.0,1.67047219583,1.6704977395,12.4013394679
536,0.805865605048,0.700306536624,0.0,2.46718672287,2.46723190124,3.42978369326
537,0.915876506054,0.957936421547,0.0,1.20422405341,1.20425037743,5.56192718199
538,0.132931699278,0.59076362527,0.0,1.43638232219,1.43652683023,13.1176828861
539,0.48799886002,0.564710256883,0.0,1.5280658837,1.52813631078,26.4866972713
540,0.287403963245,0.59034006833,0.0,1.29732961967,1.29792663584,7.26512716725
541,0.868366197579,0.501137701242,0.0,1.48655166606,1.48672050575,5.24754693212
542,0.932870115487,0.787068733354,0.0,1.67595912574,1.67602990084,5.78967116824
543,0.858328481429,0.780447271725,0.0,1.69516095202,1.69568156365,17.2553741505
544,0.52166901481,0.919568422082,0.0,2.09941891798,2.09952981958,7.58826729308
545,0.500006445027,0.499352806616,0.0,1.72516739305,1.72521041911,6.31490275256
546,0.754529965371,0.0283593187647,0.0,2.08475426293,2.08481198731,3.02713330553
547,0.821425143938,0.0151625469601,0.0,2.33041080875,2.33044245759,16.666753745
548,0.00840049794467,0.301030281908,0.0,2.2243168042,2.22437863367,17.9690582489
549,0.63246909689,0.819087145341,0.0,1.38046101739,1.38052504212,4.56185769987
550,0.150218362019,0.702000810267,0.0,1.14737116338,1.14765262395,21.1469172101
551,0.241294430646,0.145852844983,0.0,2.10820462419,2.10823914327,3.57575015194
552,0.603882517337,0.534020071367,0.0,1.62525853259,1.62534397993,10.8584745039
553,0.899942894726,0.167062010784,0.0,2.127470248,2.12748445845,2.53962506758
554,0.188329845897,0.709756915291,0.0,1.86943517354,1.86945612436,3.02745734326
555,0.224064326926,0.316964368722,0.0,1.84035094029,1.840539374,48.5478762075
556,0.904924002491,0.808710024877,0.0,1.86743363685,1.86750411173,10.8028487749
557,0.260855700478,0.540740227783,0.0,1.67897921016,1.6791748721,8.38043112647
558,0.307066084136,0.224052184602,0.0,1.36646949358,1.36648662733,14.5356161887
559,0.226731989649,0.110181409736,0.0,1.69916090244,1.69916559614,9.79132631756
560,0.817718482976,0.680779376031,0.0,1.67828141903,1.67837138115,24.4544342417
561,0.35417082429,0.506897954392,0.0,1.26072514482,1.26076912509,32.1936168881
562,0.552008528621,0.855667594242,0.0,1.62359577401,1.62362431301,9.91332994574
563,0.234287472322,0.912025607256,0.0,2.14621585326,2.14625257529,14.1115426996
564,0.0567680435107,0.992052380005,0.0,2.0391283852,2.03913694233,3.33105040329
565,0.556017202169,0.284965974692,0.0,1.69712397151,1.69719439317,12.4071946491
566,0.755456547083,0.735442026421,0.0,1.8577857482,1.85788201381,5.61519092537
567,0.0967467044234,0.739424294962,0.0,1.1495885863,1.14964990641,10.3035734947
568,0.0403986819717,0.698163228454,0.0,1.8252555192,1.82526885201,17.9607812474
569,0.583418652464,0.683771845474,0.0,1.26740860057,1.26741070469,13.4592237999
570,0.81021985958,0.787839124761,0.0,1.59008690205,1.59008794431,25.781274303
571,0.023195095117,0.45860355387,0.0,2.30883221832,2.30893802717,16.0532821163
572,0.962450451805,0.309187505621,0.0,2.05964909993,2.05966801312,18.6500955389
573,0.25412125829,0.31893100117,0.0,1.46770609792,1.46775756086,52.1973457779
574,0.100787211349,0.154998373039,0.0,1.82435469117,1.82436739702,5.39937416644
575,0.976230650396,0.778478990148,0.0,1.39877808366,1.39883616685,2.87200138237
576,0.356610963998,0.819337319877,0.0,2.00467199641,2.00505378891,12.0345619518
577,0.624171945965,0.0658027658414,0.0,1.57015139418,1.57022095621,3.16515771367
578,0.69759646021,0.105789456223,0.0,1.52467934995,1.52469071775,14.1393460103
579,0.00340544999246,0.307730979758,0.0,1.75632165555,1.75643731071,15.4307320008
580,0.270798999827,0.214468863889,0.0,1.86051771139,1.86056386355,13.9836811383
581,0.729927881073,0.951338501808,0.0,1.36230708377,1.3624509692,43.8354617741
582,0.952222077176,0.259891147868,0.0,2.11163263135,2.11165384561,4.31119472197
583,0.285268824855,0.796221401383,0.0,1.67531450099,1.67535042674,3.13542102154
584,0.491865684654,0.800790099814,0.0,1.63288623896,1.63292263488,54.5228572128
585,0.145324748432,0.776844888689,0.0,1.71127166526,1.71143885978,14.6723072255
586,0.121964987394,0.351977567625,0.0,1.65665819578,1.65670802686,7.58675526097
587,0.309647709027,0.12500258896,0.0,1.20238724572,1.20240180801,7.32658087669
588,0.180676229145,0.521932889216,0.0,1.40081053205,1.40104221659,23.9247417634
589,0.446903554643,0.419602054149,0.0,1.16475892741,1.16490987296,8.25617279145
590,0.00648424790121,0.535202725395,0.0,1.22742076869,1.22750629236,6.128394663
591,0.100006633713,0.770593677086,0.0,1.93062270648,1.93086469121,31.5701538097
592,0.61673078635,0.0825706690806,0.0,2.51978993431,2.51986148042,9.56046487568
593,0.570889545947,0.443681443881,0.0,1.58534311501,1.5854134032,23.1964558897
594,0.473263649757,0.871416639049,0.0,1.52104309283,1.52114793432,8.32981544159
595,0.265030578903,0.218498566011,0.0,2.34099770221,2.34123324612,11.228418154
596,0.950699307656,0.39895906525,0.0,1.38839654829,1.38855130153,51.5651220812
597,0.17720248596,0.400739596507,0.0,1.26752846781,1.26760813806,24.7977800275
598,0.78316172143,0.50123571944,0.0,1.75788427373,1.75790870438,9.57239488279
599,0.60544821177,0.757756744225,0.0,1.39958400045,1.39976221137,12.7901887187
600,0.898280263781,0.884670722848,0.0,1.58712888784,1.58743529516,47.512947881
601,0.163019608137,0.486266452988,0.0,1.92354280003,1.92373088753,16.0874564081
602,0.046853401778,0.881143326059,0.0,1.26769731349,1.26772449194,15.4671278271
603,0.900911513689,0.925016550472,0.0,1.20729329279,1.20730383671,31.3256050065
604,0.456844067263,0.760522984726,0.0,1.02549002057,1.02550268414,4.27403197406
605,0.981587857393,0.698430017671,0.0,1.59207368468,1.59225532601,3.34092479152
606,0.837420697171,0.108922600162,0.0,1.70755544487,1.70779045797,14.7343119682
607,0.747355809996,0.0716381763766,0.0,1.82569760898,1.82579743487,6.95803236443
608,0.153161434002,0.804702102023,0.0,1.38685635187,1.38703014287,4.67087853563
609,0.851626389089,0.788454494967,0.0,1.54145758996,1.54162100465,8.21709928856
610,0.807780589936,0.827728882132,0.0,1.53754102554,1.53773359543,8.73977856003
611,0.709398545112,0.549092374335,0.0,1.96393834676,1.96424651956,2.89943423532
612,0.543369766571,0.11726680029,0.0,1.51016365163,1.51016656937,15.4528221035
613,0.936158717327,0.328331848845,0.0,1.30736258918,1.30741133792,7.60178977361
614,0.178170272316,0.14124072385,0.0,1.63367478283,1.63373301034,3.89294147661
615,0.472140617209,0.770434293461,0.0,1.43148228858,1.43148400412,6.72838478919
616,0.707143144313,0.841862738259,0.0,1.71890026765,1.71899541763,6.76935163115
617,0.276770220345,0.696255719912,0.0,1.94244472596,1.94278706729,8.75517746902
618,0.210664551328,0.145857719697,0.0,1.8125278661,1.81253500122,16.8586671276
619,0.218522515694,0.567183759262,0.0,1.08480776974,1.08481524811,10.180410141
620,0.105241890599,0.520322589789,0.0,1.70018775362,1.70033767455,2.64171677994
621,0.562720610748,0.679159281471,0.0,1.56070598959,1.56078947458,13.2011667416
622,0.134205829332,0.251500448747,0.0,0.985015397417,0.985205180506,6.56929351511
623,0.748879410401,0.990258509289,0.0,1.2963777106,1.29646864515,30.869554928
624,0.721361600704,0.585762913843,0.0,1.45767648062,1.4576872785,21.4437814887
625,0.046509775235,0.300690316474,0.0,1.68690622927,1.68691534432,3.39048831851
626,0.443656592014,0.600604724024,0.0,1.33330610481,1.33331676454,9.36261004911
627,0.687528214488,0.602423906932,0.0,1.55810647599,1.55812747669,8.14411139846
628,0.245222457969,0.514211822975,0.0,1.45011997727,1.45026595707,3.08031804341
629,0.176391708777,0.677337608273,0.0,1.58322994716,1.58326462727,7.68161924469
630,0.0966837431159,0.954395865391,0.0,1.61126645508,1.61136758467,2.65525870442
631,0.871451767569,0.39899365609,0.0,1.70435455634,1.7044342584,12.1936411533
632,0.212541791397,0.294562394943,0.0,1.09089551485,1.09093241626,7.86148201741
633,0.529465080659,0.970230745547,0.0,1.79395899103,1.79408421894,4.75068224663
634,0.499612572648,0.504815020029,0.0,1.60316128681,1.60318720278,28.221873449
635,0.652594306034,0.0184019267603,0.0,1.75739195218,1.75747888206,4.53196299688
636,0.414950598332,0.844737759152,0.0,1.86963144664,1.86963901976,3.1990219316
637,0.719353537366,0.372428525769,0.0,1.51527552414,1.51549664416,3.38078983807
638,0.288524545173,0.710771185057,0.0,1.4020281934,1.40203248421,3.06727490217
639,0.564415328349,0.0591230364035,0.0,1.78002188228,1.78009707535,12.6014750981
640,0.061427218036,0.657738102956,0.0,1.89262938237,1.89263821881,5.91817312563
641,0.645473241566,0.0423625960395,0.0,1.71368231971,1.71373945098,19.3412663781
642,0.588550215636,0.0777247143837,0.0,1.51403049581,1.51405686568,22.8928762848
643,0.610310384412,0.660696795506,0.0,2.30689923261,2.30699402777,35.1479099665
644,0.414487013798,0.731806949526,0.0,1.80154259232,1.80159486856,15.0873425631
645,0.821174950385,0.0294115229392,0.0,2.17790873275,2.17793239405,4.53318068595
646,0.837738004528,0.711150897397,0.0,1.92252862019,1.92264754364,10.8677765037
647,0.335705179806,0.273165632058,0.0,1.84677702568,1.84679130854,11.2397943436
648,0.80914287423,0.336778841603,0.0,1.79875264571,1.79880174234,29.7743435099
649,0.0430769777408,0.883171496797,0.0,1.70887822096,1.70901450876,16.2645323707
650,0.839991964493,0.917148379404,0.0,1.96945927985,1.96969760809,12.7295564582
651,0.767498754194,0.0684978584467,0.0,1.71434154884,1.71442316595,3.32318749799
652,0.660064439192,0.542240059702,0.0,1.83721572427,1.83737575401,21.5053658433
653,0.97263519632,0.104110581383,0.0,1.85990718753,1.86011024347,16.3459500829
654,0.976766241433,0.600722246642,0.0,1.75937163487,1.75945890142,4.534001142
655,0.877850685283,0.116026013025,0.0,1.77091881852,1.77103936696,18.738179003
656,0.73421784563,0.834104761774,0.0,2.00819238753,2.00820979107,11.2192513073
657,0.0481987292387,0.160754572296,0.0,1.38182070735,1.38188636867,2.93958641689
658,0.730769702199,0.689183189821,0.0,1.80444866097,1.80448003333,10.3549636386
659,0.0646681457538,0.0950500328063,0.0,2.03276420109,2.03283620797,17.556400866
660,0.220684411933,0.147480075084,0.0,1.70773558851,1.70803548196,5.35718472058
661,0.0903493433977,0.128956007867,0.0,1.77404315597,1.77413090493,3.61676097156
662,0.983736897793,0.640440083885,0.0,1.79959695283,1.7996997558,26.967388284
663,0.866867708901,0.213340135453,0.0,2.11158993556,2.11162007796,5.18663502803
664,0.168093793495,0.141271051122,0.0,1.36497752707,1.3650422142,8.27202805273
665,0.61944489125,0.862819692253,0.0,1.71243433439,1.71259082974,8.74211733697
666,0.230062616309,0.28457203488,0.0,1.41285878717,1.41300229175,7.37717509011
667,0.158459315302,0.783472293986,0.0,1.42723393171,1.42737666841,13.1704442331
668,0.88779487813,0.00921929437982,0.0,1.53817126702,1.53831997615,5.39067397995
669,0.965383240629,0.412459986909,0.0,1.21821940776,1.21822045314,11.367087572
670,0.174952929713,0.321330925334,0.0,1.31877701033,1.31883481081,7.47998575851
671,0.00705235831239,0.383790752816,0.0,1.98006065791,1.98016047852,6.34455344797
672,0.789109267857,0.712083143026,0.0,1.61309420528,1.61313964938,4.14698922173
673,0.176149320445,0.655885669582,0.0,1.79143574476,1.79147511815,3.94378567914
674,0.0411454700475,0.331708822072,0.0,1.9991749643,1.99924035675,17.9734551466
675,0.00605564074496,0.887198453746,0.0,2.03328410319,2.03329559355,3.44089823834
676,0.112559816667,0.261318427745,0.0,1.8543599957,1.8543793578,8.79966122107
677,0.138278289593,0.557758560328,0.0,1.81631851247,1.81643650068,4.15747411898
678,0.958527229366,0.938706325011,0.0,1.44241694286,1.44242207523,5.81161443871
679,0.47169247649,0.917067242512,0.0,1.7951856023,1.79527377088,4.76753590048
680,0.456410528963,0.115424876633,0.0,1.78182880003,1.78189930588,24.8618135784
681,0.813914330309,0.71471790656,0.0,1.46643540038,1.46645798644,26.6925926974
682,0.695775318685,0.231214049294,0.0,1.77669637985,1.77680819012,5.25265091369
683,0.752122285552,0.894608581739,0.0,1.61636106638,1.61655407898,23.1493673049
684,0.307686018659,0.387753665382,0.0,1.28456488303,1.28467685684,8.89813635263
685,0.479589579352,0.577233469318,0.0,1.44982212306,1.44985537754,23.3632319688
686,0.680831625046,0.976852548471,0.0,2.44305340217,2.44329275827,12.1148206288
687,0.449505955943,0.227857892143,0.0,1.52756552487,1.52757169903,9.80630320308
688,0.738842244845,0.414458668206,0.0,1.59691435419,1.59710887884,6.14021894937
689,0.15889877141,0.347659240807,0.0,1.48539746979,1.4855645218,8.15520702853
690,0.480631620408,0.374685390804,0.0,1.27944043635,1.27944837639,7.37186272602
691,0.492212291697,0.504929350675,0.0,1.49750694878,1.49755884633,10.1296196043
692,0.622898374023,0.971712050775,0.0,1.92213911216,1.92236187999,6.43258285046
693,0.545332507508,0.883588353944,0.0,2.19542751209,2.1955146553,4.84481665441
694,0.69729384717,0.40115575563,0.0,1.8654426472,1.86553280865,21.7333325137
695,0.950004491932,0.570529477618,0.0,1.32808684571,1.32818506139,4.20898758842
696,0.59467678518,0.480158242605,0.0,1.52262898586,1.52264602676,5.98591000708
697,0.987918930754,0.203785688393,0.0,2.00691281047,2.00730334288,13.5077180978
698,0.172196967522,0.703070264716,0.0,1.77538611119,1.77549479976,4.8018764577
699,0.353023405711,0.700205267293,0.0,1.82267134154,1.82268101204,6.69750017474
700,0.161954891594,0.112592167705,0.0,1.68791590736,1.68802565631,6.05001825714
701,0.596551090864,0.0937742411418,0.0,1.49926059954,1.49945541005,28.7935346164
702,0.653170083894,0.986982482922,0.0,1.47160527849,1.4716326797,21.3373530305
703,0.396804970899,0.480581693829,0.0,1.05367944288,1.05377867583,37.5528626073
704,0.8477104542,0.405021495091,0.0,2.09128542165,2.091565547,10.4393604084
705,0.63048620608,0.579686783581,0.0,1.31842898182,1.31846952373,26.8304992749
706,0.990275898732,0.129133663292,0.0,1.80728163343,1.80728965383,12.9910309395
707,0.481876984568,0.249234463371,0.0,1.75344815285,1.75361465258,8.8616365135
708,0.258690302756,0.57326305129,0.0,1.55108302552,1.55171703044,3.51457461139
709,0.284003854479,0.370934183452,0.0,1.2881910381,1.28829001265,6.92883457488
710,0.167497561968,0.966878694355,0.0,1.6590093728,1.65910754265,19.886317227
711,0.223906126429,0.277106099167,0.0,1.41038640914,1.41043088165,20.4590666184
712,0.351072696208,0.0181240986159,0.0,1.57903483942,1.57913183903,6.99490239579
713,0.778128674391,0.339276903517,0.0,1.28237773951,1.28259606217,11.0107394774
714,0.370719040976,0.416822568685,0.0,1.70704795993,1.70726913481,18.2396830483
715,0.110175630251,0.763941331297,0.0,1.66792646219,1.66809238302,35.7085600653
716,0.202075697695,0.0484841366813,0.0,1.62125158329,1.62134809745,42.4853788093
717,0.259228883489,0.85024335679,0.0,1.43112721115,1.43139708477,14.2282088859
718,0.748623677794,0.766268889984,0.0,1.57001580779,1.57005975172,35.5046019342
719,0.412884041353,0.0861951583233,0.0,1.77207831229,1.7721253854,9.4112527206
720,0.863972887339,0.0296116410859,0.0,1.9236103487,1.92362739893,3.67172842103
721,0.893375151802,0.311275562179,0.0,1.41216717535,1.41230399408,5.1398443674
722,0.959361926687,0.233101648976,0.0,1.80123542473,1.80129858251,19.5163882029
723,0.638984572257,0.302946423217,0.0,1.47609563404,1.47617837454,17.5221363034
724,0.509198951036,0.737662206988,0.0,1.96056144727,1.96063172712,20.105030788
725,0.794772331289,0.364780133072,0.0,2.11278854185,2.11287021806,3.09354696531
726,0.192767677365,0.645738136436,0.0,1.98452901957,1.9846705004,10.2760655003
727,0.148510251234,0.820800096782,0.0,1.70094338185,1.7010114209,19.9375741708
728,0.950911200201,0.217831821595,0.0,1.65958381923,1.659671315,30.3702919395
729,0.368495288496,0.838476711708,0.0,1.96686874985,1.9669255582,24.3926454079
730,0.200010378975,0.093500600773,0.0,1.44853262412,1.44859206031,11.4692583312
731,0.25304550269,0.976613662804,0.0,1.89837183439,1.89837662518,3.53588160125
732,0.847088694034,0.255442338106,0.0,1.72037430585,1.72059429563,18.1159577039
733,0.434725742308,0.151714117895,0.0,1.51055145249,1.51071760999,29.6296403686
734,0.934112662311,0.366568340539,0.0,1.49080474417,1.4908093246,3.27243625013
735,0.846940545672,0.801794508827,0.0,1.71342290458,1.71358617834,2.83728248837
736,0.0802451963277,0.338885535401,0.0,1.5305136755,1.53052498909,3.57258765588
737,0.563661953354,0.847126287349,0.0,1.23420829493,1.23426005157,12.8190953424
738,0.998146462465,0.902537236692,0.0,1.61830298159,1.6183561194,7.14387220017
739,0.832378335848,0.946432699426,0.0,1.93329942659,1.93332088869,22.383624187
740,0.117461241719,0.678758019842,0.0,1.4578517333,1.45806061038,5.54661924588
741,0.112839596328,0.974742106976,0.0,1.92042264067,1.92043578348,16.455604365
742,0.681270175572,0.861504189881,0.0,1.53565750087,1.53582813522,21.4754847664
743,0.747175870648,0.622722198816,0.0,1.64793061651,1.64798171216,9.46108417171
744,0.415406384876,0.379740906227,0.0,1.3868695412,1.3870046665,8.39300358445
745,0.332384822605,0.338278347242,0.0,1.3725980553,1.37264983706,8.0301708973
746,0.359598261,0.4441120599,0.0,1.16399434037,1.16400030512,12.3346093327
747,0.819500431576,0.790388657963,0.0,1.4389789978,1.43911686865,16.5156552776
748,0.596844306531,0.907968869099,0.0,1.68085787367,1.68092502052,17.8188563952
749,0.641762987514,0.802227302203,0.0,1.60544138521,1.60548275384,10.0274074976
750,0.837880548643,0.208105191352,0.0,1.60244434674,1.60244961802,10.1642398119
751,0.426299026628,0.0236642179769,0.0,1.62372893316,1.62373360351,35.2700782622
752,0.0292630979089,0.110351503317,0.0,2.19967973485,2.19968385057,25.0801015938
753,0.10648793057,0.659582212377,0.0,1.66536471096,1.66537290021,4.66919563679
754,0.347770836898,0.774628578958,0.0,1.62786036138,1.62843020676,11.444448375
755,0.947298250232,0.0239468748034,0.0,1.55485405768,1.55485678034,14.0691286251
756,0.616923783747,0.642481670324,0.0,1.01466330724,1.01475511299,18.2662139101
757,0.67756785131,0.884657376286,0.0,1.3403511698,1.34044577844,11.0603668112
758,0.44385357715,0.00300038834615,0.0,2.01492200266,2.01515737481,3.77660913136
759,0.71889205027,0.739514834619,0.0,1.90871115205,1.90874901667,9.36343521768
760,0.958019818759,0.44398039704,0.0,1.49820459473,1.49830565107,6.1549183237
761,0.947373339275,0.216688361895,0.0,1.74110210326,1.7414142265,2.75188814252
762,0.166999486455,0.340412863226,0.0,1.39206818489,1.39208629814,9.74789569354
763,0.14174187144,0.0403368641474,0.0,2.07069607644,2.07088453986,9.5907570656
764,0.965148317705,0.76298475548,0.0,2.29806487939,2.2980698417,24.4457485532
765,0.269662297522,0.645315314957,0.0,1.78328850214,1.78338654839,14.8482262068
766,0.733563285651,0.242810240874,0.0,1.43658215853,1.436723352,29.0859337489
767,0.24493680434,0.905078438918,0.0,1.64411988351,1.64495396095,9.94035862681
768,0.745893843396,0.569847303592,0.0,1.66124821521,1.66176395022,15.9847635632
769,0.118944539882,0.51701863028,0.0,1.54010350007,1.54015683768,5.13685886839
770,0.214869963746,0.0144928783461,0.0,2.16121284127,2.16124800217,3.74253900826
771,0.7692854783,0.0927558063554,0.0,1.61825521699,1.61864087943,13.4700666032
772,0.669830393632,0.647172090453,0.0,1.88010743246,1.88045357898,4.36183711622
773,0.644722224479,0.164348870088,0.0,1.65562601655,1.65571533811,15.1338678348
774,0.029392485151,0.135502640378,0.0,1.24960492252,1.24966666975,31.6334285372
775,0.324370711743,0.419343837046,0.0,1.66039810307,1.66045676546,3.40928146692
776,0.918450027039,0.821935264064,0.0,1.87499593355,1.87501451841,6.44831844652
777,0.627908217618,0.290947303625,0.0,1.88869507318,1.88877997708,9.56632214119
778,0.995052939067,0.7631356517,0.0,1.6604234043,1.6604414124,8.02630923998
779,0.159350732119,0.943217554249,0.0,2.15456383205,2.15461722911,9.58805543715
780,0.892328936195,0.663727814222,0.0,1.57891759538,1.57915566261,36.1305407822
781,0.315082648506,0.160189789745,0.0,1.27176029241,1.27177465619,8.64028175714
782,0.867422760884,0.14602325755,0.0,1.76735040887,1.76754258652,25.158684215
783,0.790207979771,0.973699509583,0.0,1.63480942037,1.63486866687,27.171054441
784,0.776097631733,0.364381561919,0.0,1.87722468236,1.87727866409,15.4328551285
785,0.811423785284,0.597952368176,0.0,1.8900509858,1.89010752238,8.1220280473
786,0.713408660338,0.312167379163,0.0,1.86614596441,1.86636486147,7.74216756859
787,0.978549540022,0.234972970665,0.0,1.9734072922,1.9736318933,7.3665131446
788,0.279084144087,0.750713074208,0.0,1.52911070695,1.52922127426,41.9512914265
789,0.819965048367,0.270690007771,0.0,1.77715768701,1.77717007466,14.820177021
790,0.125458351512,0.0818900354936,0.0,1.40889832908,1.40908640839,5.31316478658
791,0.866428956081,0.754015546959,0.0,1.51282696902,1.51295326548,15.873413101
792,0.388557753079,0.0782244394821,0.0,1.45818828278,1.4582163458,6.22797483246
793,0.302908549348,0.510382027027,0.0,1.74036436433,1.74038297821,16.6521416946
794,0.893861195385,0.656308167656,0.0,1.56317923699,1.56324098315,41.2832367387
795,0.91598169952,0.826368577718,0.0,1.77180221746,1.77184517503,14.4172115797
796,0.208228391085,0.280075171024,0.0,2.03894029263,2.039110247,17.6368075509
797,0.896972821709,0.250674887306,0.0,1.90287186888,1.9029161601,8.72714839877
798,0.772115549245,0.767101061222,0.0,1.81559285888,1.81601637496,3.60833665642
799,0.675986811708,0.799477299055,0.0,1.73449873615,1.73452902512,27.6980399084
800,0.618364331392,0.218596405133,0.0,2.02303132248,2.02305429267,11.848471839
801,0.341673697223,0.814591362519,0.0,1.63112621051,1.63117066977,5.12593664675
802,0.269453254874,0.631388209951,0.0,1.36877493202,1.36877840141,13.6092396202
803,0.898297848934,0.893961333402,0.0,2.06476273724,2.06478789686,10.7964392609
804,0.553180748175,0.718401966836,0.0,2.36555027314,2.36577615677,2.93157171835
805,0.440225406491,0.509578182994,0.0,1.80155482422,1.80160786733,3.41794784111
806,0.626692663023,0.961172707858,0.0,1.7139135445,1.71391950684,9.32109649487
807,0.129201332833,0.703044617133,0.0,1.77731159099,1.77734334454,13.8191235553
808,0.602985948304,0.359343982045,0.0,1.98080739243,1.98082094728,24.4281366441
809,0.864729773072,0.655389201907,0.0,1.54039129411,1.5404593834,14.391569487
810,0.866736506984,0.0177595885928,0.0,1.91370371351,1.91378156865,18.4449639596
811,0.683745336445,0.116018211553,0.0,1.81735227814,1.81742321544,7.10547776663
812,0.391708201298,0.0498967201019,0.0,1.30726185346,1.30726852643,4.02032108909
813,0.554657831511,0.649798292642,0.0,1.6743162115,1.67462264793,21.8741104351
814,0.517365673148,0.800412522428,0.0,1.70254742391,1.70258246733,2.78579102619
815,0.876429244261,0.665834565979,0.0,1.84891782104,1.84905146502,4.74173950866
816,0.0238320385199,0.61364123321,0.0,1.58550457416,1.58568969834,22.6819864842
817,0.399286027787,0.449371021721,0.0,1.29208445586,1.29219302661,12.1602400345
818,0.438528031409,0.840248022208,0.0,1.59748125654,1.59763413165,9.07471937441
819,0.0623608247241,0.664037397101,0.0,1.10948625599,1.10950053284,3.23576877194
820,0.345274162495,0.59178052786,0.0,1.19491023353,1.19492554631,6.44764690474
821,0.436570625419,0.985416844014,0.0,2.22040309028,2.22050258984,2.97429751378
822,0.572731779273,0.230504157366,0.0,1.65662629403,1.65672390022,3.37106305529
823,0.956194543524,0.494949375851,0.0,1.77662452471,1.77708170323,4.5475162848
824,0.118028474679,0.0183768088441,0.0,1.41948565348,1.41972144626,3.88204693335
825,0.731228164888,0.670944467655,0.0,1.73455398701,1.73462016306,21.4621948451
826,0.357038439345,0.505024198079,0.0,1.22429922493,1.22435203285,4.7562201029
827,0.401153156102,0.32842329085,0.0,1.68497167912,1.68500876908,2.91062473253
828,0.114807551216,0.817564108855,0.0,1.89511729438,1.89515487445,3.81636387629
829,0.277209293861,0.463029552033,0.0,1.24938927906,1.24946402602,11.8317970377
830,0.450700067468,0.85488929792,0.0,1.64938189372,1.64962000246,6.60358981015
831,0.0565171061776,0.207711890357,0.0,1.48160200713,1.48167217284,14.2535358617
832,0.906182577865,0.987397651398,0.0,2.07976044298,2.07981741747,10.1622442115
833,0.704342683967,0.0419316036876,0.0,2.01915349323,2.0192730297,6.8136110075
834,0.943796963154,0.787677562098,0.0,1.70676624605,1.70688414718,7.41028518465
835,0.623594481094,0.274438480144,0.0,1.87942627565,1.87945883418,6.55641883756
836,0.330359620301,0.186491494817,0.0,1.3185445952,1.31867431243,21.4464868311
837,0.881643050367,0.108141805092,0.0,1.84590858659,1.8459748057,10.8001950097
838,0.0337343224514,0.780091338434,0.0,1.1442873099,1.14429675078,32.3954743724
839,0.381394850483,0.346637368396,0.0,1.48348515959,1.48365370889,22.0323903273
840,0.10937633995,0.912213081816,0.0,1.98415415965,1.98418801369,21.2151704279
841,0.682334473786,0.231541687328,0.0,1.76357452355,1.76358512141,7.86545119146
842,0.644538012615,0.540959672465,0.0,2.09603371641,2.09603802994,17.8413668556
843,0.57244089671,0.20890182191,0.0,1.04879837096,1.04882790389,25.3084534239
844,0.499531051249,0.93015185766,0.0,1.60212828929,1.60252311858,46.4521495803
845,0.172170389347,0.294010960727,0.0,0.979352419328,0.979411358566,7.18123800351
846,0.0206192545304,0.644066763497,0.0,1.21452045029,1.21504943172,9.35170075395
847,0.301443338436,0.515336030493,0.0,1.68742866464,1.68745067278,4.51097604293
848,0.637527370638,0.374530197604,0.0,1.57401170485,1.57409391279,6.99220557465
849,0.575050167607,0.981545193902,0.0,1.67163190812,1.67190583059,9.43571839765
850,0.795375159454,0.268058018406,0.0,1.78766062524,1.78769126573,6.41696908558
851,0.262676292602,0.855711096671,0.0,1.87688337552,1.87695094485,4.03682947914
852,0.558472743007,0.318268139047,0.0,1.54645881638,1.54657107952,34.484865764
853,0.156268278711,0.651653876237,0.0,1.57703945547,1.57709536983,5.76303813594
854,0.762031103,0.153050520764,0.0,1.74506855516,1.74534836768,16.7578944292
855,0.266286825967,0.371514977936,0.0,1.69304856159,1.69305685926,12.4347155065
856,0.58740980868,0.794885486725,0.0,1.75142447608,1.75143064751,3.49889499819
857,0.448716425721,0.289716750444,0.0,1.69712674283,1.69718580301,18.7667560944
858,0.59203349961,0.563964927525,0.0,1.74216831414,1.74222779567,4.97203519035
859,0.267339083101,0.229045716445,0.0,2.26291997062,2.26330324078,11.6956643739
860,0.562844519447,0.0556709847383,0.0,1.61825493581,1.61829778297,9.61317339248
861,0.231632416096,0.610587010626,0.0,1.06787101041,1.06800347964,15.8329709522
862,0.850356394499,0.391060341438,0.0,1.56061770262,1.56089031117,9.10469928955
863,0.48007474711,0.314171360585,0.0,1.83328194528,1.83348324294,3.48425477459
864,0.670946959079,0.168757298857,0.0,1.88728721445,1.88744767748,24.7340663133
865,0.769712965361,0.520494652667,0.0,2.30667505536,2.30669786348,22.3775317836
866,0.496363481438,0.155455285844,0.0,1.19798646876,1.19804510849,9.32637978221
867,0.178817117913,0.0203214961279,0.0,1.58727897256,1.58739716032,4.17692056062
868,0.168383704281,0.0105655258653,0.0,1.80192300772,1.80223021447,9.91635915595
869,0.447622024119,0.057171357584,0.0,1.65455754275,1.65468861383,5.41958421337
870,0.245870507569,0.492130598367,0.0,1.79648270602,1.79654478553,3.97867510494
871,0.0538730669966,0.57239699797,0.0,1.98431350133,1.98438201621,17.6786371515
872,0.201798005655,0.378196216294,0.0,1.07571538397,1.07577476422,9.88816778421
873,0.331681753872,0.501210143488,0.0,1.43871634416,1.43871736221,7.74684442151
874,0.755628813078,0.196228966104,0.0,1.74285419411,1.74306013287,21.4913669792
875,0.486279932877,0.976655533795,0.0,1.47353232967,1.47357758597,23.3000978513
876,0.698190280482,0.403714577165,0.0,1.35905348991,1.35906256415,4.98568364449
877,0.634035316904,0.14838602909,0.0,2.0647250351,2.06493577911,19.8693681057
878,0.573691023932,0.631482087359,0.0,1.18661745853,1.1871232119,3.67339470165
879,0.699112976471,0.0861129203613,0.0,1.21200373437,1.21204056352,21.6795899183
880,0.225047689004,0.958904923518,0.0,1.94530557848,1.94530667109,16.6242366682
881,0.739430615226,0.206195659914,0.0,2.16252448527,2.16259851611,10.262155789
882,0.213103886549,0.0419607150939,0.0,1.56930820481,1.56938552083,5.38575296247
883,0.512996236229,0.0246664915986,0.0,1.40363329601,1.40363640975,19.6496721303
884,0.534689111378,0.875237556989,0.0,1.4965078959,1.49655967407,9.9010754656
885,0.804137699929,0.701718672707,0.0,1.39498608911,1.39501248362,3.45102288771
886,0.210993962839,0.048649564847,0.0,1.76647621376,1.76652456748,14.4793125521
887,0.651415085965,0.282048551163,0.0,1.49588242456,1.49590027878,21.4847332558
888,0.207615749963,0.186985248968,0.0,1.85520282479,1.85531541425,10.5862053906
889,0.389122150259,0.0173473612561,0.0,1.99587023462,1.99597589914,12.4915169152
890,0.149574855313,0.565362885243,0.0,1.85523103804,1.8552325882,4.18353108369
891,0.821098349611,0.180644341396,0.0,1.74331891415,1.74345756836,14.4240980954
892,0.37176991664,0.408774610893,0.0,1.42159195693,1.42169620975,19.0471487503
893,0.601744468465,0.152503108111,0.0,1.90250880493,1.9026649585,16.9208210236
894,0.915419608059,0.571860104545,0.0,1.66849231399,1.66857634962,9.16613129843
895,0.685878695214,0.185164052338,0.0,1.83125855741,1.83146080512,8.7844334173
896,0.230829947524,0.325655467192,0.0,1.6956128355,1.69562584014,3.63724345509
897,0.857634867299,0.349623107476,0.0,1.88778312752,1.88781361146,8.41042815227
898,0.874464049489,0.1369057359,0.0,1.70616097648,1.70616395372,17.5682719614
899,0.947742010221,0.641986408593,0.0,1.11291101878,1.11362934262,22.5412099563
900,0.692057697286,0.665189681848,0.0,1.63704203394,1.63733147892,3.46675092609
901,0.776518401493,0.486282243868,0.0,1.4392061239,1.43925083545,3.13689216701
902,0.679721314091,0.269168687613,0.0,1.72705265869,1.72714058105,7.75728620679
903,0.921835591474,0.772628900633,0.0,1.6334389335,1.63365158662,1.80321184673
904,0.804634142449,0.108756634248,0.0,1.56713136326,1.56721007557,46.6619408897
905,0.229087122086,0.615379356858,0.0,2.15303597684,2.15310057831,10.5543477963
906,0.678062057392,0.504054242854,0.0,1.32666325353,1.32669361651,11.5238627081
907,0.51888019827,0.642816421327,0.0,1.65798349964,1.65809900402,4.11159968509
908,0.516367776518,0.510629444579,0.0,1.72445995614,1.72452008583,29.6418650812
909,0.0390818903944,0.523838160408,0.0,1.30233026828,1.3025630771,4.83084866516
910,0.745741434462,0.366360721787,0.0,1.87607359587,1.87607864221,15.461275751
911,0.498505660827,0.570759569751,0.0,3.13001733226,3.13011266182,4.94465116531
912,0.671275504949,0.756467929391,0.0,1.60755993814,1.60770257862,3.36491589713
913,0.22342966959,0.19994742803,0.0,1.65133701171,1.65138652089,10.1888413733
914,0.0663877133436,0.995085599297,0.0,1.82291902185,1.82298690399,14.5722430572
915,0.948246515977,0.267411102445,0.0,1.72846572625,1.72855783959,8.02007589165
916,0.394147748354,0.587079839413,0.0,2.2375066177,2.23780797649,18.1511270512
917,0.243183925754,0.3779880378,0.0,1.29559490666,1.29585338075,12.9624048007
918,0.255561880584,0.373936560276,0.0,1.38374804343,1.38383147042,12.2347715624
919,0.471535019684,0.0731639718206,0.0,2.44235675285,2.44241030533,7.47199327051
920,0.996473645066,0.448204920693,0.0,1.69474909119,1.69495709903,8.17012059297
921,0.398967560713,0.742783913656,0.0,1.85192935031,1.85205068162,5.39063179224
922,0.734210505947,0.755233711042,0.0,1.54195357971,1.5421360802,21.5224130077
923,0.758008896211,0.0914536713649,0.0,1.52523874999,1.52536501017,13.8993232513
924,0.0152779839907,0.854587971104,0.0,2.32547775557,2.32549560966,3.21340325257
925,0.146878609425,0.140273256782,0.0,1.46605947707,1.46615770028,5.17204065093
926,0.878710378225,0.419965660374,0.0,1.74124573238,1.74128401436,8.72785773821
927,0.602894801493,0.136783146259,0.0,1.66038561972,1.66039728495,15.6181122426
928,0.616369538086,0.620215373603,0.0,1.85077979717,1.8508000272,23.9192881669
929,0.993640635478,0.543173351233,0.0,3.17560804486,3.175882265,32.5033602943
930,0.164023613562,0.203077456592,0.0,1.59197737271,1.59199245305,26.6025370314
931,0.102438995262,0.517162551476,0.0,1.2248975928,1.22507781479,11.1219729261
932,0.0678802285018,0.476884179301,0.0,1.09688861737,1.09710533644,18.6111697332
933,0.380805458101,0.667650290802,0.0,1.65710023942,1.65710939833,16.302530279
934,0.571387783143,0.995242109307,0.0,1.96821346913,1.96833862137,21.5512337811
935,0.0671236710933,0.221141832705,0.0,2.14573426386,2.14574679127,6.50319446261
936,0.584445870209,0.334909659848,0.0,1.68076450781,1.68094798082,7.34068124326
937,0.261967347766,0.705721513953,0.0,0.915398287141,0.915436251825,11.7128501168
938,0.0171538300062,0.0696112094705,0.0,1.87365692137,1.87395742609,15.5853753126
939,0.585500696822,0.246316439065,0.0,1.69244886881,1.69254338937,10.2568883829
940,0.153484434948,0.519378674916,0.0,1.23826431787,1.23828416829,19.5033475815
941,0.115284742287,0.893743114867,0.0,1.66858161411,1.66858712619,16.6669819704
942,0.176774810313,0.661651640748,0.0,1.34744519871,1.34750072214,8.77498465605
943,0.0982613354385,0.163169114259,0.0,1.41186811074,1.41190621996,20.7461886998
944,0.24392510745,0.838616396852,0.0,2.17340984197,2.17342549479,5.1067604151
945,0.597511323413,0.173503290383,0.0,1.48082564934,1.48097312247,36.3220621145
946,0.0199895483411,0.583182421841,0.0,1.38563662733,1.38565908741,5.38705967408
947,0.780938997001,0.720696756188,0.0,2.27521967092,2.27553480491,20.8164599777
948,0.99740122837,0.250812326521,0.0,1.6823984442,1.68252045538,8.42492630195
949,0.00911640971718,0.287038060195,0.0,1.32183550013,1.3218733227,7.73663718401
950,0.806491559709,0.800567890962,0.0,1.56427475786,1.56456606773,9.84708785483
951,0.173645315279,0.548227826385,0.0,2.37123551591,2.37130523239,3.43133796084
952,0.704733592449,0.86878369958,0.0,1.92476777372,1.92477304414,13.7584585359
953,0.279809356642,0.397961699991,0.0,1.67832822756,1.67840651637,8.68033964088
954,0.959246896366,0.750288908637,0.0,1.69889643995,1.69894527358,3.63682027961
955,0.275674098492,0.917864339676,0.0,1.70771144547,1.70785101257,5.92638281979
956,0.0484966567296,0.643785205887,0.0,1.46738461065,1.46766978971,25.3853479192
957,0.152193693066,0.420393782916,0.0,1.81138880178,1.81156590934,14.5484524048
958,0.301255536098,0.100900046349,0.0,2.53893520026,2.53900812513,7.28432830634
959,0.294724682876,0.106995538825,0.0,2.00761007677,2.00763537855,4.87246133183
960,0.0442585530147,0.283177940629,0.0,1.71338909138,1.7134932719,5.02967652712
961,0.214944505078,0.301769745549,0.0,1.79986073171,1.79989284075,11.2713362955
962,0.3039183406,0.801120946817,0.0,2.13741688629,2.13771056497,32.848383748
963,0.613324134863,0.0807757222054,0.0,1.65822636495,1.65824762377,4.51149961438
964,0.995665276266,0.612603702953,0.0,1.55683254452,1.5573518354,19.2038685796
965,0.0868735441994,0.228113348095,0.0,1.63219137819,1.63224373728,37.8523946725
966,0.379235391944,0.151862118094,0.0,2.17101123568,2.17134586843,10.7766971794
967,0.561172436716,0.210830043622,0.0,1.80309669037,1.80335380674,7.81709476094
968,0.741270437368,0.521291184787,0.0,1.67259459447,1.67264115582,4.32329785775
969,0.813905412024,0.316748458741,0.0,1.425330984,1.42534157834,28.2568170695
970,0.204399314427,0.0794845205447,0.0,1.41839711141,1.41850908373,6.77737658332
971,0.85021981632,0.153734031777,0.0,1.67003042261,1.67008468362,6.83170262975
972,0.318674200906,0.0277391350115,0.0,1.65378744718,1.65389756024,15.011406475
973,0.524606455773,0.997658650916,0.0,2.76019276604,2.76021806819,17.3204742369
974,0.70708121153,0.361309164394,0.0,1.78309956601,1.78332455566,3.69439764012
975,0.0206187115597,0.819624248141,0.0,1.40721272191,1.40729145995,7.90079530224
976,0.5837962588,0.9682040689,0.0,1.73852590636,1.73874192278,39.5820607821
977,0.140567153096,0.824451059814,0.0,1.9817646666,1.98219925617,6.96635990679
978,0.292572898884,0.320090940963,0.0,2.11912632677,2.11918967015,8.96163865726
979,0.272342756455,0.633714711857,0.0,1.64467017169,1.64470517889,5.14813274674
980,0.72462934192,0.599457425415,0.0,1.52618104624,1.52638955521,5.80936781992
981,0.935910447373,0.853410963546,0.0,1.78532247935,1.78534284676,12.8035434886
982,0.512041336074,0.925261967188,0.0,1.54993639589,1.54994280552,10.4799715019
983,0.927919806417,0.4726071945,0.0,1.78610230153,1.78646670247,4.56476970741
984,0.634050614543,0.676288949862,0.0,1.5278146282,1.5278351668,40.8376676241
985,0.388495432713,0.373062345934,0.0,1.59060794116,1.59062307721,15.7938840235
986,0.278992789431,0.592067086906,0.0,1.38743239315,1.38746853822,20.122395409
987,0.706022528859,0.180442062851,0.0,1.74969388366,1.74975529807,26.9389220952
988,0.0582588724511,0.557702385083,0.0,1.45819948559,1.45830049447,23.4006354628
989,0.412828337782,0.859781026063,0.0,1.74657664191,1.74666136486,6.24987286874
990,0.00869230967321,0.244740902522,0.0,1.64281006646,1.64294048476,6.68970719463
991,0.95233297865,0.00198946630263,0.0,1.31908122709,1.3191234346,6.84024802251
992,0.574511389452,0.578079489258,0.0,1.52385384179,1.52394342201,15.9698581138
993,0.179940934943,0.0113714403113,0.0,1.91192406465,1.91194166431,3.73975645253
994,0.63962271371,0.222285709979,0.0,1.78054917317,1.78061727419,4.35616158502
995,0.271255028838,0.940034296369,0.0,1.63015796306,1.63033945574,24.6208178079
996,0.67838204352,0.303920575483,0.0,1.8754305707,1.87547001712,3.91690827403
997,0.23954853377,0.694773376212,0.0,1.6159075383,1.61596147571,14.9172498571
998,0.62081644545,0.0279331982698,0.0,3.37592463155,3.37633503328,7.03807482508
999,0.196024774547,0.112399977504,0.0,1.67547311023,1.67550276824,21.729023916
